{"matrix": {
  "k00": -0.227471275909448,
  "k01": 1.0,
  "k02": -0.22747127590944805,
  "k10": 0.5,
  "k11": -6.123233995736766e-17,
  "k12": -0.5,
  "k20": 0.06532853736507191,
  "k21": -8.000438417711358e-18,
  "k22": 0.06532853736507191
}
}
